Movie Name,Release Date,Rating,Link
Kill Boksoon,2023,6.7,https://downloadwella.com/kj2a42zlxda0/Kill.Boksoon.(NKIRI.COM).2023.WEBRip.DOWNLOADED.FROM.NKIRI.COM.mkv.html
Prom Pact,2023,6.9,https://downloadwella.com/1lvitqk8gyox/Prom.Pact.(NKIRI.COM).2023.WEBRip.DOWNLOADED.FROM.NKIRI.COM.mkv.html
Tetris,2023,7.3,https://downloadwella.com/2z7lkqd9vrew/Tetris.(NKIRI.COM).2023.WEBRip.DOWNLOADED.FROM.NKIRI.COM.mkv.html
Assassin,2023,3.6,https://downloadwella.com/szl2dhs5sdg3/Assassin.(NKIRI.COM).2023.WEBRip.DOWNLOADED.FROM.NKIRI.COM.mkv.html
Murder Mystery 2,2023,5.6,https://downloadwella.com/5aj6bp3r3rvj/Murder.Mystery.2.(NKIRI.COM).2023.WEBRip.DOWNLOADED.FROM.NKIRI.COM.mkv.html
Creed III,2023,7.3,https://downloadwella.com/38joyoo1cjef/Creed.III.(NKIRI.COM).2023.WEBRip.DOWNLOADED.FROM.NKIRI.COM_(1).mkv.html
A Picture of Her,2023,6.8,https://downloadwella.com/5h1pxlcccy1a/A.Picture.of.Her.(NKIRI.COM).2023.PCOK.WEBRip.DOWNLOADED.FROM.NKIRI.COM.mkv.html
Mummies,2023,5.8,https://downloadwella.com/vc5luq8mo8a7/Mummies.(NKIRI.COM).2023.WEBRip.DOWNLOADED.FROM.NKIRI.COM.mkv.html
The Distributors,2022,5.4,https://downloadwella.com/4jl4wamxikus/The.Distributors.(NKIRI.COM).2022.WAVVE.WEB-DL.DOWNLOADED.FROM.NKIRI.COM.mkv.html
Mang Kanor,2023,5.7,https://loadedfiles.com/924c7503d3e8ac53
Perfect Addiction,2023,5.3,https://downloadwella.com/x4evm7lgnj5b/Perfect.Addiction.(NKIRI.COM).2023.AMZN.WEBRip.DOWNLOADED.FROM.NKIRI.COM.mkv.html
The Kissing Booth 3,2021,4.8,http://b2lk.xyz/?url=http://tv.u4u.xyz/movie/2021/The%20Kissing%20Booth//The.Kissing.Booth.3.2021.480p.NF.WEB-DL.x264-Pahe.MeloMovie.mkv
Final Destination,Collection,6.7,http://tv.dhdgsccasda.click/movie/2000/Final%20Destination//Final.Destination.2000.720p.BluRay.mkv
The Lost Girls,2022,2.8,https://ds1.nkiserv.com/Holly/The.Lost.Girls.(NKIRI.COM).2022.WEBRip.DOWNLOADED.FROM.NKIRI.COM.mkv
The Way of Water,2022,7.8,https://downloadwella.com/uwuxvajpgmey/Avatar.The.Way.of.Water.(NKIRI.COM).2022.WEBRip.DOWNLOADED.FROM.NKIRI.COM.mkv.html
Game of Deceit,2023,5.7,https://loadedfiles.com/8dee1b0bc1eb5382
Kuttey,2023,5.7,https://loadedfiles.com/52b9f969c7ed3169
"My Husband, My Lover",2021,5.9,https://loadedfiles.com/6b74d76fc4cfbc0e
Pathaan,2023,6.1,https://downloadwella.com/ad4j2sd081bp/Pathaan.(NKIRI.COM).2023.WEBRip.DOWNLOADED.FROM.NKIRI.COM.mkv.html
Children of the Corn,2023,3.6,https://downloadwella.com/tcz63obc34qu/Children.of.the.Corn.(NKIRI.COM).2020.WEBRip.DOWNLOADED.FROM.NKIRI.COM.mkv.html
Blood and Honey,2023,3.2,https://downloadwella.com/mabfvr033by3/Winnie.the.Pooh.Blood.and.Honey.(NKIRI.COM).2023.Downloaded.from.NKIRI.COM.mkv.html
House Tour,2021,5.7,https://loadedfiles.com/9fd6f8550710b1df
Lawa,2023,5.8,https://loadedfiles.com/f2844e0b4cc754f3
An Inconvenient Love,2022,6.0,https://loadedfiles.com/8a4145c9816f3ecb
The Trade,2023,6.3,https://loadedfiles.com/60f4c423567abb8f
Strangers,2022,,https://loadedfiles.com/7dc0da3d42937037
The Magician’s Elephant,2023,6.6,https://downloadwella.com/cpz2ovhtpbb1/The.Magicians.Elephant.(NKIRI.COM).2023.Downloaded.from.NKIRI.COM.mkv.html
Sakra,2023,5.9,https://loadedfiles.com/280cefc97a8192fb
Red,2022,7.0,https://loadedfiles.com/01f2d328d1a0e7df
Cocaine Bear,2023,6.0,https://downloadwella.com/47fltw86sb7a/Cocaine.Bear.(NKIRI.COM).2023.WEBRip.DOWNLOADED.FROM.NKIRI.COM.mkv.html
Bela Luna,2023,5.9,https://loadedfiles.com/bcf0c8d912f1a299
Burden Of Proof,2023,5.8,https://loadedfiles.com/f77e0ef5db67f7c9
Enoch,2023,,https://loadedfiles.com/47f04ca21f2da23b
What Happened to Monday,2017,6.8,https://downloadwella.com/qzsc9j1tzse0/What.Happened.To.Monday.(NKIRI.COM).2017.480p.BluRay.x264.mkv.html
The Ritual Killer,2023,4.0,https://downloadwella.com/7rolazfre5j6/The.Ritual.Killer.(NKIRI.COM).2023.AMZN.WEBRip.DOWNLOADED.FROM.NKIRI.COM.mkv.html
Chang Can Dunk,2023,6.4,https://downloadwella.com/ml3jajk75kdz/Chang.Can.Dunk.(NKIRI.COM).2023.DSNP.WEBRip.DOWNLOADED.FROM.NKIRI.COM.mkv.html
The Fallen Sun,2023,6.4,https://downloadwella.com/to8dc04kv9th/Luther.The.Fallen.Sun.(NKIRI.COM).2023.NF.WEBRip.DOWNLOADED.FROM.NKIRI.COM.mkv.html
Jolly Roger,2022,5.1,https://loadedfiles.com/488143c85b5ace1f
The Doom That Came to Gotham,2023,6.1,https://downloadwella.com/wvabgl961tq0/Batman.The.Doom.That.Came.to.Gotham.(NKIRI.COM).2023.WEBRip.DOWNLOADED.FROM.NKIRI.COM.mkv.html
Ruse de Guerre,2023,6.4,https://downloadwella.com/ao32vj5zfetq/Operation.Fortune.Ruse.de.Guerre.(NKIRI.COM).2023.WEBRip.DOWNLOADED.FROM.NKIRI.COM.mkv.html
Marlowe,2023,5.4,https://downloadwella.com/sbz7qk7ph0ag/Marlowe.(NKIRI.COM).2022.WEBRip.DOWNLOADED.FROM.NKIRI.COM.mkv.html
Lagaslas [Fall],2023,6.4,https://loadedfiles.com/41b09fabe72b7434
The Devil Conspiracy,2023,4.4,https://downloadwella.com/lgdsvnsmgux2/The.Devil.Conspiracy.(NKIRI.COM).2023.AMZN.WEBRip.DOWNLOADED.FROM.NKIRI.COM.mkv.html
Here Love Lies,2023,5.3,https://downloadwella.com/y7cmu7z32bdc/Here.Love.Lies.(NKIRI.COM).2023.NF.WEBRip.DOWNLOADED.FROM.NKIRI.COM.mkv.html
Gifted,2017,7.6,https://downloadwella.com/1kk4zvoa8m71/Gifted.(NKIRI.COM).2017.Downloaded.from.NKIRI.COM.mkv.html
Unwelcome,2023,4.9,https://downloadwella.com/lz3h5dr5vb53/Unwelcome.(NKIRI.COM).2023.WEBRip.DOWNLOADED.FROM.NKIRI.COM.mkv.html
The Point Men,2023,6.1,https://downloadwella.com/l5u1840323pf/The.Point.Men.(NKIRI.COM).2023.WEB.DL.DOWNLOADED.FROM.NKIRI.COM.mkv.html
Untruth,2023,,https://loadedfiles.com/d7fe15c7731e9148
Magic Mike’s Last Dance,2023,5.3,https://downloadwella.com/x7zi0216a372/Magic.Mikes.Last.Dance.(NKIRI.COM).2023.AMZN.WEBRip.DOWNLOADED.FROM.NKIRI.COM.mkv.html
A Man Called Otto,2022,7.4,https://downloadwella.com/zvbx33gr51ba/A.Man.Called.Otto.(NKIRI.COM).2023.WEBRip.DOWNLOADED.FROM.NKIRI.COM.mkv.html
We Have a Ghost,2023,6.1,https://downloadwella.com/4runotyp25g1/We.Have.a.Ghost.(NKIRI.COM).2023.NF.WEBRip.DOWNLOADED.FROM.NKIRI.COM.mkv.html
The Movie,2023,,https://downloadwella.com/n1q3ersuyw3k/Die.Hart.The.Movie.(NKIRI.COM).2023.DC.WEBRip.DOWNLOADED.FROM.NKIRI.COM.mkv.html
The Strays,2023,4.7,https://downloadwella.com/kmyfd2u3h58u/The.Strays.(NKIRI.COM).2023.WEBRip.DOWNLOADED.FROM.NKIRI.COM.mkv.html
The Whale,2022,7.8,https://downloadwella.com/5188z3k0140u/The.Whale.(NKIRI.COM).2022.WEBRip.DOWNLOADED.FROM.NKIRI.COM.mkv.html
Maybe I Do,2023,4.9,https://downloadwella.com/e0dngj2n43nh/Maybe.I.Do.(2023).WEBRip.DOWNLOADED.FROM.NKIRI.COM.mkv.html
The Son,2022,6.2,https://downloadwella.com/ohgl3z2cc3up/The.Son.(NKIRI.COM).2022.WEBRip.DOWNLOADED.FROM.NKIRI.COM.mkv.html
La Querida,2023,6.1,https://loadedfiles.com/7358671182d3e1dc
Palava!,2022,5.6,https://www9.zippyshare.com/v/WuQt50p1/file.html
Re/Member,2022,5.1,https://downloadwella.com/jr0cro9uadgn/Re.Member.(NKIRI.COM).2022.NF.WEB-DL.DOWNLOADED.FROM.NKIRI.COM.mkv.html
Unlocked,2023,6.4,https://downloadwella.com/q4wv85gagdju/Unlocked.(NKIRI.COM).2022.KOREAN.NF.WEBRip.DOWNLOADED.FROM.NKIRI.COM.mkv.html
Sharper,2023,6.6,https://downloadwella.com/ge92i0aj96dw/Sharper.(NKIRI.COM).2023.WEBRip.DOWNLOADED.FROM.NKIRI.COM.mkv.html
The Wife,2023,8.4,https://loadedfiles.com/fbc37233e544b8b1
A Sunday Affair,2023,4.6,https://www56.zippyshare.com/v/Dc3PRVvi/file.html
5 Days To New Year,2023,,https://loadedfiles.com/bf509a6b7d37812a
Your Place or Mine,2023,5.6,https://downloadwella.com/38tnfcc3n0c9/Your.Place.or.Mine.(NKIRI.COM).2023.WEBRip.DOWNLOADED.FROM.NKIRI.COM.mkv.html
2037,2022,6.6,https://downloadwella.com/jtrybx2pvvvi/2037.(NKIRI.COM).2022.KOREAN.WEBRip.DOWNLOADED.FROM.NKIRI.COM.mkv.html
Vedha,2022,7.1,https://loadedfiles.com/8c86aeffc2d83ebd
Somebody I Used to Know,2023,5.7,https://downloadwella.com/n2vxbe83u3t4/Somebody.I.Used.To.Know.(NKIRI.COM).2023.WEBRip.DOWNLOADED.FROM.NKIRI.COM.mkv.html
At Midnight,2023,5.5,https://downloadwella.com/71k971m23vlp/At.Midnight.(NKIRI.COM).2023.WEBRip.DOWNLOADED.FROM.NKIRI.COM.mkv.html
Nelly,2023,5.7,https://loadedfiles.com/aceeb4b372b347a0
Dear David,2023,5.8,https://loadedfiles.com/4131d2ff3b29c3c4
Thunivu,2023,6.1,https://downloadwella.com/ead9oksgy4cm/Thunivu.(NKIRI.COM).2023.NF.WEBRip.DOWNLOADED.FROM.NKIRI.COM.mkv.html
Lola’s Gift,2023,,https://loadedfiles.com/ce21cf9b4e23e2ad
Ditto,2022,6.8,https://downloadwella.com/m5i7cso1mof9/Ditto.(NKIRI.COM).2022.WEB-DL.DOWNLOADED.FROM.NKIRI.COM.mkv.html
An Action Hero,2022,7.0,https://downloadwella.com/uh3jb1rg20lw/An.Action.Hero.(NKIRI.COM).2022.WEBRip.DOWNLOADED.FROM.NKIRI.COM.mkv.html
Blood,2022,3.2,https://downloadwella.com/bxffuc2dl0ta/Blood.(NKIRI.COM).2022.WEBRip.DOWNLOADED.FROM.NKIRI.COM.mkv.html
The Locksmith,2023,4.7,https://downloadwella.com/62cx2u6mckjw/The.Locksmith.(NKIRI.COM).2023.WEBRip.DOWNLOADED.FROM.NKIRI.COM.mkv.html
Baby Ruby,2023,4.8,https://downloadwella.com/cgktrdgcwipd/Baby.Ruby.(NKIRI.COM).2022.WEBRip.DOWNLOADED.FROM.NKIRI.COM.mkv.html
Baby Maker,2022,,https://loadedfiles.com/584c876c5de5b276
True Spirit,2023,6.8,https://downloadwella.com/4sdrbklznz0w/True.Spirit.(NKIRI.COM).2023.NF.WEBRip.DOWNLOADED.FROM.NKIRI.COM.mkv.html
Viking Wolf,2022,5.2,https://downloadwella.com/80ckik118du8/Viking.Wolf.(NKIRI.COM).2022.NORWEGIAN.BOKMAL.NF.WEBRip.DOWNLOADED.FROM.NKIRI.COM.mkv.html
Before Valentine’s,2022,6.2,https://www67.zippyshare.com/v/qrB0ZNMU/file.html
Dark October,2023,6.6,https://downloadwella.com/2sdz0k3nkdfn/Dark.October.(NKIRI.COM).2023.NF.WEB-DL.DOWNLOADED.FROM.NKIRI.COM.mkv.html
Plane,2023,6.5,https://downloadwella.com/anec2tbq6zq6/Plane.(NKIRI.COM).2023.WEBRip.DOWNLOADED.FROM.NKIRI.COM.mkv.html
If I Am President,2018,7.1,https://loadedfiles.com/00019448ee820dcd
Legion of Super-Heroes,2023,5.7,https://downloadwella.com/hegf318dwxju/Legion.of.Super.Heroes.(NKIRI.COM).2023.BluRay.DOWNLOADED.FROM.NKIRI.COM.mkv.html
Wakanda Forever,2022,6.7,https://downloadwella.com/axz8iamc0gmd/Black.Panther.Wakanda.Forever.(NKIRI.COM).2022.BluRay.DOWNLOADED.FROM.NKIRI.COM.b.mkv.html
Babylon,2022,7.2,https://downloadwella.com/ievi7xffnosh/Babylon.(NKIRI.COM).2022.AMZN.WEBRip.DOWNLOADED.FROM.NKIRI.COM.mkv.html
The Web,2023,6.1,https://loadedfiles.com/86bb133bd241b556
All Na Vibes,2021,5.2,https://loadedfiles.com/57b02b55ddbd9b4f
The Offering,2023,5.1,https://downloadwella.com/jeg2niohpxim/The.Offering.(NKIRI.COM).2023.AMZN.WEBRip.DOWNLOADED.FROM.NKIRI.COM.mkv.html
Summertime Dropouts,2022,5.2,https://downloadwella.com/xlqhouhxga56/Summertime.Dropouts.(NKIRI.COM).2022.AMZN.WEBRip.DOWNLOADED.FROM.NKIRI.COM.mkv.html
You People,2023,5.5,https://downloadwella.com/4pdkefcxoiqa/You.People.(NKIRI.COM).2023.NF.WEBRip.DOWNLOADED.FROM.NKIRI.COM.mkv.html
Shotgun Wedding,2022,5.4,https://downloadwella.com/q3oy1hbcqt0d/Shotgun.Wedding.(NKIRI.COM).2022.WEBRip.DOWNLOADED.FROM.NKIRI.COM.mkv.html
Brotherhood,2022,7.0,https://downloadwella.com/mx9wwwawwclr/Brotherhood.(NKIRI.COM).2022.WEBRip.DOWNLOADED.FROM.NKIRI.COM.mkv.html
The Beginning,2023,6.7,https://downloadwella.com/j07bp0tbb9gw/Bezos.The.Beginning.(NKIRI.COM).2023.AMZN.WEBRip.DOWNLOADED.FROM.NKIRI.COM.mkv.html
Night Train,2023,3.6,https://downloadwella.com/yy0in42w9714/Night.Train.(NKIRI.COM).2023.WEBRip.DOWNLOADED.FROM.NKIRI.COM.mkv.html
Candy Land,2022,5.1,https://downloadwella.com/biegmay3a47g/Candy.Land.(NKIRI.COM).2022.AMZN.WEBRip.DOWNLOADED.FROM.NKIRI.COM.mkv.html
M3GAN,2022,6.4,https://downloadwella.com/xozz8yz2qyhq/M3GAN.(NKIRI.COM).2022.WEBRip.DOWNLOADED.FROM.NKIRI.COM.mkv.html
Decibel,2022,6.1,https://www71.zippyshare.com/v/E7EhrFkB/file.html
Tag-init,2023,5.9,https://loadedfiles.com/a83375d25779ea09
Transfusion,2023,5.0,https://downloadwella.com/hdswly25l51s/Transfusion.(NKIRI.COM).2023.WEBRip.DOWNLOADED.FROM.NKIRI.COM.mkv.html
JUNG_E,2023,5.4,https://downloadwella.com/6hudjfwv03ju/JUNG.E.(NKIRI.COM).2023.NF.WEB-DL.DOWNLOADED.FROM.NKIRI.COM.mkv.html
The Price We Pay,2023,4.8,https://downloadwella.com/mt1pfs168imf/The.Price.We.Pay.(NKIRI.COM).2022.WEBRip.DOWNLOADED.FROM.NKIRI.COM.mkv.html
Panibugho,2023,6.0,https://loadedfiles.com/559731b5f80825e5
House Party,2023,4.4,https://downloadwella.com/uyzlc2nkg901/House.Party.(NKIRI.COM).2023.WEBRip.DOWNLOADED.FROM.NKIRI.COM.mkv.html
Snow Falls,2023,2.9,https://downloadwella.com/2299wlif5p2h/Snow.Falls.(NKIRI.COM).2023.WEBRip.DOWNLOADED.FROM.NKIRI.COM.mkv.html
There is Something Wrong with the Children,2023,4.9,https://downloadwella.com/6p1fdkfwns8t/Theres.Something.Wrong.With.The.Children.2023.(NKIRI.COM).mkv.html
The Signature,2022,7.2,https://loadedfiles.com/bc727352548509ad
Breathe Again,2022,4.7,https://loadedfiles.com/e9a99e88905e0748
The Wait,2021,5.8,https://loadedfiles.com/625591134317d696
The Wedding Planner,2023,5.3,https://downloadwella.com/lpw8nm8sq738/Disconnect.The.Wedding.Planner.(NKIRI.COM).2023.NF.WEBRip.DOWNLOADED.FROM.NKIRI.COM.mkv.html
The Old Way,2023,5.4,https://downloadwella.com/jc9hnzanmx3o/The.Old.Way.(NKIRI.COM).2023.WEBRip.DOWNLOADED.FROM.NKIRI.COM.mkv.html
Dog Gone,2023,6.0,https://downloadwella.com/qoyo5x7r2cbg/Dog.Gone.(NKIRI.COM).2023.NF.WEB-DL.DOWNLOADED.FROM.NKIRI.COM.mkv.html
Crazy therapy,2022,,https://loadedfiles.com/97142fe66667076b
Devotion,2022,6.6,https://downloadwella.com/u3rumt9izwq2/Devotion.(NKIRI.COM).2022.WEBRip.DOWNLOADED.FROM.NKIRI.COM.mkv.html
Drishyam 2,2022,8.2,https://loadedfiles.com/78228e5c0c68dee8
PK,2014,8.1,https://downloadwella.com/vwc27tlzavyt/PK.2014.(NKIRI.COM).480p.BluRay.x264.DOWNLOADED.FROM.NKIRI.COM.mkv.html
The Pale Blue Eye,2022,6.6,https://downloadwella.com/qep1th2yvjgz/The.Pale.Blue.Eye.(NKIRI.COM).2022.NF.WEB-DL.DOWNLOADED.FROM.NKIRI.COM.mkv.html
The Last Wish,2022,7.9,https://downloadwella.com/qhfxkdv0j17u/Puss.in.Boots.The.Last.Wish.(NKIRI.COM).2022.WEBRip.DOWNLOADED.FROM.NKIRI.COM.mkv.html
44,2022,6.4,https://loadedfiles.com/5c9bc93eaea554f7
Ex And Exes,2022,,https://loadedfiles.com/3ca9ac904b86b6e8
The Menu,2022,7.2,https://downloadwella.com/edgdcdfjc506/The.Menu.(NKIRI.COM).2022.WEBRip.DOWNLOADED.FROM.NKIRI.COM.mkv.html
Drishyam,2015,8.2,https://loadedfiles.com/26266787595f2b1b
Dream Job,2021,,https://loadedfiles.com/1dceda6791485a3d
White Noise,2022,5.7,https://downloadwella.com/rpw33z55krvq/White.Noise.(NKIRI.COM).2022.NF.WEBRip.DOWNLOADED.FROM.NKIRI.COM.mkv.html
Bata Pa Si Sabel,2022,5.9,https://loadedfiles.com/2b6fa4bfd94e4e0f
Spite,2022,7.0,https://loadedfiles.com/c2e6c951c0665664
Sitio Diablo,2022,5.4,https://loadedfiles.com/341ae8ba83dd4f09
Alapaap,2022,5.9,https://loadedfiles.com/86e2993b159c36c8
Pelé,2021,7.0,https://downloadwella.com/ydipu7dtg08e/Pele.(NKIRI.COM).2021.WEBRip.DOWNLOADED.FROM.NKIRI.COM.mkv.html
Baby’s Day Out,1994,6.2,https://www18.zippyshare.com/v/Cl18t1nT/file.html
Hell Dogs,2022,6.7,https://downloadwella.com/a9turr21uk72/Hell.Dogs.(NKIRI.COM).2022.JAPANESE.WEBRip.DOWNLOADED.FROM.NKIRI.COM.mkv.html
Ball Game,2022,6.7,https://loadedfiles.com/df584307bd87e587
Unevenly Yoked,2022,,https://loadedfiles.com/a2e2287aa336d8db
Roald Dahl’s Matilda the Musical,2022,7.1,https://downloadwella.com/q7frzhnn8bve/Roald.Dahls.Matilda.The.Musical.(NKIRI.COM).2022.NF.WEB-DL.DOWNLOADED.FROM.NKIRI.COM.F.mkv.html
Sham to Glam,2022,8.6,https://loadedfiles.com/34b832780cddc240
Saving Christmas Spirit,2022,5.6,https://downloadwella.com/2wghz8jhn49w/Saving.Christmas.Spirit.(NKIRI.COM).2022.WEBRip.DOWNLOADED.FROM.NKIRI.COM.mkv.html
George of the Jungle,1 & 2,5.5,https://downloadwella.com/7rbgu6nlxexe/George.Of.The.Jungle.(NKIRI.COM).1997.Downloaded.from.NKIRI.COM.mkv.html
A Knives Out Mystery,2022,6.1,https://downloadwella.com/qe1pwi8ijsox/Glass.Onion.A.Knives.Out.Mystery.(NKIRI.COM).2022.NF.WEBRip.DOWNLOADED.FROM.NKIRI.COM.mkv.html
Strange World,2022,5.6,https://downloadwella.com/h5vrhwg8q6sz/Strange.World.(NKIRI.COM).2022.AMZN.WEBRip.DOWNLOADED.FROM.NKIRI.COM.mkv.html
Blinded,2022,7.1,https://loadedfiles.com/31b5fba8b23e0714
Aftersun,2022,7.7,https://downloadwella.com/g5e8kzc3gao3/Aftersun.(NKIRI.COM).2022.WEBRip.DOWNLOADED.FROM.NKIRI.COM.mkv.html
The Big Four,2022,6.1,https://loadedfiles.com/7b35ace2d29f371d
Violent Night,2022,6.7,https://downloadwella.com/6aa5eunmlwy7/Violent.Night.(NKIRI.COM).2022.WEBRip.DOWNLOADED.FROM.NKIRI.COM.mkv.html
Sikiru,2022,,https://loadedfiles.com/51a5ff882c19faf6
The Amazing Maurice,2022,6.3,https://downloadwella.com/3qo7sb7ypode/The.Amazing.Maurice.(NKIRI.COM).2022.WEBRip.DOWNLOADED.FROM.NKIRI.COM.mkv.html
High Heat,2022,4.8,https://downloadwella.com/3h1dtrrw33qa/High.Heat.(NKIRI.COM).2022.WEBRip.DOWNLOADED.FROM.NKIRI.COM.mkv.html
Christmas in Miami,2021,7.4,https://loadedfiles.com/010abdc660fb8c62
Lifemark,2022,5.9,https://downloadwella.com/c2pxyj9wj7il/Lifemark.(NKIRI.COM).2022.BluRay.DOWNLOADED.FROM.NKIRI.COM.mkv.html
Snow Day,2022,5.1,https://downloadwella.com/qnl6nxdwpcc1/Snow.Day.(NKIRI.COM).2022.WEBRip.DOWNLOADED.FROM.NKIRI.COM.mkv.html
The Apology,2022,5.0,https://downloadwella.com/k04pz4hakts9/The.Apology.(NKIRI.COM).2022.WEBRip.DOWNLOADED.FROM.NKIRI.COM.mkv.html
Nanny,2022,7.0,https://downloadwella.com/0b7i2ikxfspp/Nanny.(NKIRI.COM).2022.WEBRip.DOWNLOADED.FROM.NKIRI.COM.mkv.html
Mindcage,2022,4.5,https://downloadwella.com/eupmdg60l9qz/Mindcage.(NKIRI.COM).2022.WEBRip.DOWNLOADED.FROM.NKIRI.COM.mkv.html
Renegades,2022,4.3,https://downloadwella.com/dpfcq05yvwu1/Renegades.(NKIRI.COM).2022.BluRay.DOWNLOADED.FROM.NKIRI.COM.mkv.html
Hellblazers,2022,4.4,https://downloadwella.com/euxt0vtusdcu/Hellblazers.(NKIRI.COM).2022.AMZN.WEBRip.DOWNLOADED.FROM.NKIRI.COM.mkv.html
Super Hero,2022,7.1,https://downloadwella.com/pvz14zv8w95p/Dragon.Ball.Super.Super.Hero.(NKIRI.COM).2022.JAPANESE.BluRay.DOWNLOADED.FROM.NKIRI.COM.mkv.html
I Believe in Santa,2022,4.4,https://downloadwella.com/a85cl12o207o/I.Believe.in.Santa.(NKIRI.COM).2022.NF.WEBRip.DOWNLOADED.FROM.NKIRI.COM.mkv.html
Bones and All,2022,6.8,https://downloadwella.com/zuykwcoyr51l/Bones.And.All.(NKIRI.COM).2022.WEBRip.DOWNLOADED.FROM.NKIRI.COM.mkv.html
Prey for the Devil,2022,5.2,https://downloadwella.com/qhju2mxlwyy6/Prey.for.the.Devil.(NKIRI.COM).2022.WEBRip.DOWNLOADED.FROM.NKIRI.COM.mkv.html
Unwanted,2022,,https://loadedfiles.com/8356f6af3d8de653
Kahmunrah Rises Again,2022,5.0,https://downloadwella.com/i9aqyaeavlab/Night.at.the.Museum.Kahmunrah.Rises.Again.(NKIRI.COM).2022.WEBRip.DOWNLOADED.FROM.NKIRI.COM.mkv.html
Savage Salvation,2022,4.6,https://downloadwella.com/zzvth0q9en8e/Savage.Salvation.(NKIRI.COM).2022.WEBRip.DOWNLOADED.FROM.NKIRI.COM.mkv.html
Guillermo del Toro’s Pinocchio,2022,7.6,https://downloadwella.com/uxp47o6xe0wm/Guillermo.del.Toros.Pinocchio.(NKIRI.COM).2022.NF.WEB-DL.DOWNLOADED.FROM.NKIRI.COM.mkv.html
Emancipation,2022,6.1,https://downloadwella.com/fflapvdcqlej/Emancipation.(NKIRI.COM).2022.ATVP.WEBRip.DOWNLOADED.FROM.NKIRI.COM.mkv.html
The Soccer Football Movie,2022,3.1,https://downloadwella.com/85bklr8obq1r/The.Soccer.Football.Movie.(NKIRI.COM).2022.WEBRip.DOWNLOADED.FROM.NKIRI.COM.mkv.html
Christmas Bloody Christmas,2022,5.1,https://downloadwella.com/x0zq33432j1e/Christmas.Bloody.Christmas.(NKIRI.COM).2022.WEBRip.DOWNLOADED.FROM.NKIRI.COM.mkv.html
Redemption,2022,7.3,https://downloadwella.com/nuhkp3gv4dk2/Detective.Knight.Redemption.(NKIRI.COM).2022.WEBRip.DOWNLOADED.FROM.NKIRI.COM.mkv.html
Hawa,2022,8.0,https://downloadwella.com/a1ent9ta3dmm/Hawa.(NKIRI.COM).2022.FRENCH.WEBRip.DOWNLOADED.FROM.NKIRI.COM.mkv.html
Christmas Bonus,2022,5.2,https://downloadwella.com/v9f8dgv9o0dx/The.Boss.Baby.Christmas.Bonus.(NKIRI.COM).2022.Downloaded_from_NKIRI.COM.mkv.html
She Said,2022,7.2,https://downloadwella.com/2pqjh91m2two/She.Said.(NKIRI.COM).2022.WEBRip.DOWNLOADED.FROM.NKIRI.COM.mkv.html
U-Turn,2021,6.7,https://loadedfiles.com/4babc93e11581c2e
Lady Chatterley’s Lover,2022,6.6,https://downloadwella.com/jkjx56863uu3/Lady.Chatterleys.Lover.(NKIRI.COM).2022.NF.WEBRip.DOWNLOADED.FROM.NKIRI.COM.mkv.html
Warriors of Future,2022,5.6,https://downloadwella.com/ry13lr7uk0rd/Warriors.of.Future.(NKIRI.COM).2022.CHINESE.NF.WEBRip.DOWNLOADED.FROM.NKIRI.COM.mkv.html
A Christmas Carol,2022,6.8,https://downloadwella.com/naxwxh7f44e6/Scrooge.A.Christmas.Carol.(NKIRI.COM).2022.NF.WEBRip.DOWNLOADED.FROM.NKIRI.COM.mkv.html
Possession,2022,7.3,https://downloadwella.com/lsb61op8c114/Possession.(NKIRI.COM).2022.NORWEGIAN.NYNORSK.AMZN.WEBRip.DOWNLOADED.FROM.NKIRI.COM.mkv.html
Rodrick Rules,2022,6.5,https://downloadwella.com/df0kujsznzvh/Diary.of.a.Wimpy.Kid.2.Rodrick.Rules.(NKIRI.COM).2022.DSNP.WEBRip.DOWNLOADED.FROM.NKIRI.COM.mkv.html
5-25-77,2022,6.4,https://downloadwella.com/a62rww3156hj/5-25-77.(NKIRI.COM).2022.AMZN.WEBRip.DOWNLOADED.FROM.NKIRI.COM.mkv.html
Project Wolf Hunting,2022,6.1,https://downloadwella.com/rorie7p2giqv/Project.Wolf.Hunting.(NKIRI.COM).2022.KOREAN.WEB-DL.DOWNLOADED.FROM.NKIRI.COM-002.mkv.html
Darby and the Dead,2022,5.6,https://downloadwella.com/00pddfmqpmbd/Darby.and.The.Dead.(NKIRI.COM).2022.HULU.WEBRip.DOWNLOADED.FROM.NKIRI.COM.mkv.html
Your Christmas Or Mine?,2022,6.4,https://downloadwella.com/dtjdfvi1i7yu/Your.Christmas.or.Mine.(NKIRI.COM).2022.WEBRip.DOWNLOADED.FROM.NKIRI.COM.mkv.html
Troll,2022,5.8,https://downloadwella.com/dg94zv4ddy99/Troll.(NKIRI.COM).2022.NORWEGIAN.WEBRip.DOWNLOADED.FROM.NKIRI.COM.mkv.html
A Hollywood Christmas,2022,5.2,https://downloadwella.com/kp7wxuuw0bde/A.Hollywood.Christmas.(NKIRI.COM).2022.WEBRip.DOWNLOADED.FROM.NKIRI.COM.mkv.html
My Name Is Vendetta,2022,5.5,https://downloadwella.com/qapyyr4q88nd/My.Name.Is.Vendetta.(NKIRI.COM).2022.ITALIAN.WEBRip.DOWNLOADED.FROM.NKIRI.COM.mkv.html
A Man of Action,2022,,https://downloadwella.com/zovgrpyu1xhx/A.Man.of.Action.(NKIRI.COM).2022.SPANISH.WEBRip.DOWNLOADED.FROM.NKIRI.COM.mkv.html
Christmas Full of Grace,2022,,https://loadedfiles.com/d065c0e261863f2e
Dora and the Lost City of Gold,2019,6.1,https://downloadwella.com/d52j19zl11xp/Dora_and_the_Lost_City_of_Gold_%7Bwww.nkiri.com%7D_(1).mkv.html
Something in the Dirt,2022,5.9,https://downloadwella.com/31cbhv12krnx/Something.in.the.Dirt.(NKIRI.COM).2022.AMZN.WEBRip.DOWNLOADED.FROM.NKIRI.COM.mkv.html
Fantasy Football,2022,5.9,https://downloadwella.com/5ed3i97neqz4/Fantasy.Football.(NKIRI.COM).2022.WEBRip.DOWNLOADED.FROM.NKIRI.COM.mkv.html
The Royal Nanny,2022,6.9,https://downloadwella.com/fm7cvkqaqmu8/The.Royal.Nanny.(NKIRI.COM).2022.WEBRip.DOWNLOADED.FROM.NKIRI.COM.mkv.html
Weather For Two,2022,3.1,https://loadedfiles.com/d596dbdba21d053f
The Story of Boy and Girl,2022,,https://loadedfiles.com/c1897f0ed7704979
A Christmas Mystery,2022,5.9,https://downloadwella.com/1xxr0wjacc1q/A.Christmas.Mystery.(NKIRI.COM).2022.WEBRip.DOWNLOADED.FROM.NKIRI.COM.mkv.html
I Wish You Would,2022,6.6,https://downloadwella.com/1w4ne2kgfwdu/Trevor.Noah.I.Wish.You.Would.(NKIRI.COM).2022.WEBRip.DOWNLOADED.FROM.NKIRI.COM.mkv.html
The Guardians of the Galaxy Holiday Special,2022,6.9,https://downloadwella.com/d80d7jsnxayz/The.Guardians.of.the.Galaxy.Holiday.Special.(NKIRI.COM).2022.WEBRip.DOWNLOADED.FROM.NKIRI.COM.mkv.html
The Noel Diary,2022,6.1,https://downloadwella.com/dnfpwmiwy7d4/The.Noel.Diary.(NKIRI.COM).2022.NF.WEBRip.DOWNLOADED.FROM.NKIRI.COM.mkv.html
Holiday Harmony,2022,6.2,https://downloadwella.com/dsa60hcugjg9/Holiday.Harmony.(NKIRI.COM).2022.HMAX.WEBRip.DOWNLOADED.FROM.NKIRI.COM.mkv.html
Singleholic,2022,6.6,https://loadedfiles.com/6ade775c8b5f91aa
The Swimmers,2022,7.4,https://downloadwella.com/8r8ayi2ldw9w/The.Swimmers.(NKIRI.COM).2022.WEBRip.DOWNLOADED.FROM.NKIRI.COM.mkv.html
The Estate,2022,5.3,https://downloadwella.com/fhwuyskx0kmp/The.Estate.(NKIRI.COM).2022.AMZN.WEBRip.DOWNLOADED.FROM.NKIRI.COM.mkv.html
Triangle of Sadness,2022,7.4,https://downloadwella.com/ukqvvzegftld/Triangle.of.Sadness.(NKIRI.COM).2022.WEBRip.DOWNLOADED.FROM.NKIRI.COM.mkv.html
Armagedon Time,2022,6.5,https://downloadwella.com/f2t82v1tblw4/Armageddon.Time.(NKIRI.COM).2022.WEBRip.DOWNLOADED.FROM.NKIRI.COM.mkv.html
Most Horrible Things,2022,3.2,https://www76.zippyshare.com/v/R9WGDYB3/file.html
"Lyle, Lyle, Crocodile",2022,6.1,https://downloadwella.com/pk8l3ry4y2y1/Lyle.Lyle.Crocodile.(NKIRI.COM).2022.WEBRip.DOWNLOADED.FROM.NKIRI.COM.mkv.html
Till,2022,7.1,https://downloadwella.com/ijpeceiwrtfy/Till.(NKIRI.COM).2022.WEBRip.DOWNLOADED.FROM.NKIRI.COM.mkv.html
Rorschach,2022,7.0,https://www106.zippyshare.com/v/02YUx26x/file.html
Round D Corner,2022,6.3,https://www40.zippyshare.com/v/HLCgaA1P/file.html
Aisha,2022,6.5,https://downloadwella.com/mw9lbb42mfq7/Aisha.(NKIRI.COM).2022.WEBRip.DOWNLOADED.FROM.NKIRI.COM.mkv.html
Sam & Kate,2022,6.1,https://downloadwella.com/yn1whi4nwmjy/Sam.and.Kate.(NKIRI.COM).2022.WEBRip.DOWNLOADED.FROM.NKIRI.COM.mkv.html
The Knot,2022,9.0,https://loadedfiles.com/3da85693573c3cc0
Slumberland,2022,6.7,https://downloadwella.com/mrhh27e0ojvk/Slumberland.(NKIRI.COM).2022.WEBRip.DOWNLOADED.FROM.NKIRI.COM.mkv.html
The Last Manhunt,2022,4.2,https://downloadwella.com/c4m1phip63ae/The.Last.Manhunt.(NKIRI.COM).2022.WEBRip.DOWNLOADED.FROM.NKIRI.COM.mkv.html
The Griot,2021,7.2,https://www111.zippyshare.com/v/SfJuBlQp/file.html
Disenchanted,2022,5.6,https://downloadwella.com/4a63z3z2lgi4/Disenchanted.(NKIRI.COM).2022.DSNP.WEBRip.DOWNLOADED.FROM.NKIRI.COM.mkv.html
The People We Hate at the Wedding,2022,5.8,https://downloadwella.com/xks65bpdbi6o/The.People.We.Hate.At.The.Wedding.(NKIRI.COM).2022.AMZN.HDRip.DOWNLOADED.FROM.NKIRI.COM.mkv.html
The Man Behind the Legend,2022,5.3,https://downloadwella.com/i9iitwv4rkl5/Lamborghini.The.Man.Behind.the.Legend.(NKIRI.COM).2022.WEBRip.DOWNLOADED.FROM.NKIRI.COM.mkv.html
Blue’s Big City Adventure,2022,6.3,https://downloadwella.com/ehx554m9a6kn/Blues.Big.City.Adventure.(NKIRI.COM).2022.AMZN.WEBRip.DOWNLOADED.FROM.NKIRI.COM.mkv.html
Spirited,2022,8.6,https://downloadwella.com/1ijm0i31oitx/Spirited.(NKIRI.COM).2022.ATVP.WEBRip.DOWNLOADED.FROM.NKIRI.COM.mkv.html
Part One,2022,8.0,https://www111.zippyshare.com/v/Wcd2YesT/file.html
"Monica, O My Darling",2022,7.4,https://www55.zippyshare.com/v/p3eLQqMZ/file.html
Savage X Fenty Show Vol. 4,2022,7.0,https://downloadwella.com/vqmktpvd8997/Savage.X.Fenty.Show.Vol.4.(NKIRI.COM).2022.WEBRip.DOWNLOADED.FROM.NKIRI.COM.mkv.html
Christmas With You,2022,5.6,https://downloadwella.com/elwn9ib7pfkl/Christmas.with.You.(NKIRI.COM).2022.WEBRip.DOWNLOADED.FROM.NKIRI.COM.mkv.html
The Wonder,2022,6.6,https://downloadwella.com/22m2tms2glvu/The.Wonder.(NKIRI.COM).2022.WEBRip.DOWNLOADED.FROM.NKIRI.COM.mkv.html
Black Adam,2022,6.3,https://downloadwella.com/1rcb8kazaeph/Black.Adam.(NKIRI.COM).2022.REPACK.BluRay.DOWNLOADED.FROM.NKIRI.COM.mkv.html
Smile,2022,6.6,https://downloadwella.com/frwbwggzs9ec/Smile.(NKIRI.COM).2022.AMZN.WEBRip.DOWNLOADED.FROM.NKIRI.COM.mkv.html
Fence Of Defence,2022,,https://loadedfiles.com/d1ae74bfcb1638b8
Snowman’s Land,2022,6.0,https://downloadwella.com/04lz9te9onzk/Tom.and.Jerry.Snowmans.Land.(NKIRI.COM).2022.AMZN.WEBRip.DOWNLOADED.FROM.NKIRI.COM.mkv.html
Emily,2022,6.9,https://downloadwella.com/xo1q72bbladd/Emily.(NKIRI.COM).2022.WEBRip.DOWNLOADED.FROM.NKIRI.COM.mkv.html
Bad Post,2022,,https://loadedfiles.com/7af5639ffa8d74ca
The Friendship Game,2022,3.2,https://downloadwella.com/78vz69w3w0hs/The.Friendship.Game.(NKIRI.COM).2022.AMZN.WEB-DL.DOWNLOADED.FROM.NKIRI.COM.mkv.html
Kara Krus,2022,5.8,https://www17.zippyshare.com/v/i5GZCvF0/file.html
Adesanya vs. Pereira on ESPN,2022,8.6,https://downloadwella.com/dxrswn1jt4zc/UFC.281.PPV.Adesanya.vs.Pereira.(NKIRI.COM).mkv.html
Poker Face,2022,8.0,https://downloadwella.com/lsr8kse1h7ia/Poker.Face.(NKIRI.COM).2022.NOW.WEBRip.DOWNLOADED.FROM.NKIRI.COM.mkv.html
Paradise City,2022,3.6,https://downloadwella.com/5jwwi0xb2y0m/Paradise.City.(NKIRI.COM).2022.WEBRip.DOWNLOADED.FROM.NKIRI.COM.mkv.html
Christmas in Paradise,2022,3.5,https://downloadwella.com/ziy8cj5stg1i/Christmas.in.Paradise.(NKIRI.COM).2022.BluRay.DOWNLOADED.FROM.NKIRI.COM.mkv.html
My Father’s Dragon,2022,6.5,https://downloadwella.com/sglml845yfj2/My.Fathers.Dragon.(NKIRI.COM).2022.NF.WEBRip.DOWNLOADED.FROM.NKIRI.COM.mkv.html
Back for More,2022,6.3,https://stagatvfiles.com/videos/uploads/2022/11/Lost-Bullet-2-2022-STAGATV-COM.mp4
A Christmas Tale,2022,6.6,https://downloadwella.com/2kqmpcvkjrcq/Prancer.A.Christmas.Tale.(NKIRI.COM).2022.BluRay.DOWNLOADED.FROM.NKIRI.COM.mkv.html
Amsterdam,2022,6.1,https://downloadwella.com/u2j7wtrznoer/Amsterdam.(NKIRI.COM).2022.WEBRip.DOWNLOADED.FROM.NKIRI.COM.mkv.html
Bar Fight!,2022,4.7,https://downloadwella.com/5ypkryfqjx0h/Bar.Fight.(NKIRI.COM).2022.AMZN.WEBRip.DOWNLOADED.FROM.NKIRI.COM.mkv.html
Dinner At My Place,2022,5.8,https://loadedfiles.com/5623a87712a659e0
Mandrake,2022,4.6,https://downloadwella.com/or91ncrrm675/Mandrake.(NKIRI.COM).2022.WEBRip.DOWNLOADED.FROM.NKIRI.COM.mkv.html
Tad the Lost Explorer and the Emerald Tablet,2022,6.0,https://downloadwella.com/47c2hsbcs86g/Tad.The.Lost.Explorer.And.The.Emerald.Tablet.(NKIRI.COM).2022.WEBRip.DOWNLOADED.FROM.NKIRI.COM.mkv.html
The Ghost,2022,7.2,https://www18.zippyshare.com/v/4gST0ZKh/file.html
Falling for Christmas,2022,5.2,https://downloadwella.com/2udeexgzgdiz/Falling.for.Christmas.(NKIRI.COM).2022.NF.WEBRip.DOWNLOADED.FROM.NKIRI.COM.mkv.html
Lost Bullet,2020,6.3,https://anonfiles.com/59m6K5Gayb/Lost-Bullet-2020-mkv
Selina’s Gold,2022,6.6,https://www12.zippyshare.com/v/VHdPbuiY/file.html
Shadow Master,2022,3.9,https://downloadwella.com/23l7z5yidcr6/Shadow.Master.(NKIRI.COM).2022.WEBRip.DOWNLOADED.FROM.NKIRI.COM.mkv.html
Plantasm,2022,6.2,https://downloadwella.com/4vnk0qfuzd5r/Aqua.Teen.Forever.Plantasm.(NKIRI.COM).2022.WEBRip.DOWNLOADED.FROM.NKIRI.COM.mkv.html
A Girl Who Deserves To Die,2022,6.6,https://downloadwella.com/dhmi0x7uuoid/The.Killer.A.Girl.Who.Deserves.To.Die.(NKIRI.COM).2022.WEBRip.DOWNLOADED.FROM.NKIRI.COM.mkv.html
Rise of the Damned,2022,4.5,https://downloadwella.com/05zca72olbbv/R.I.P.D.2.Rise.of.the.Damned.(NKIRI.COM).2022.BluRay.DOWNLOADED.FROM.NKIRI.COM.mkv.html
The Lost King,2022,6.6,https://downloadwella.com/1gn586gigqph/The.Lost.King.(NKIRI.COM).2022.WEBRip.DOWNLOADED.FROM.NKIRI.COM.mkv.html
Cursed Friends,2022,4.8,https://downloadwella.com/s04adwaeqnbe/Cursed.Friends.(NKIRI.COM).2022.NOW.WEBRip.DOWNLOADED.FROM.NKIRI.COM.mkv.html
Black Wedding,2022,4.3,https://www13.zippyshare.com/v/d0yp87qo/file.html
Rye Lane,2023,7.4,https://downloadwella.com/ortlaidsi4hw/Rye.Lane.(NKIRI.COM).2023.WEBRip.DOWNLOADED.FROM.NKIRI.COM.mkv.html
Over And Over Again,2022,,https://loadedfiles.com/3b2ed3af8920f5a0
